Trigram,Frequency
aplikasi bagus banget,13
aplikasinya bagus banget,12
aplikasi membantu belajar,10
membantu proses belajar,10
suka banget aplikasi,10
bagus banget belajar,9
bagus banget aplikasinya,8
bagus banget aplikasi,8
sudah bagus banget,8
membantu memahami materi,7
belajar terima kasih,7
penjelasan mudah dipahami,7
bikin semangat belajar,7
terima kasih semoga,7
terima kasih aplikasi,6
lengkap mudah dipahami,6
aplikasi bagus belajar,6
membantu memahami pelajaran,6
aplikasi membantu memahami,6
penjelasannya mudah dipahami,5
